<?xml version="1.0" encoding="UTF-8"?>
<project-private xmlns="http://www.netbeans.org/ns/project-private/1">
    <editor-bookmarks xmlns="http://www.netbeans.org/ns/editor-bookmarks/2" lastBookmarkId="0"/>
    <open-files xmlns="http://www.netbeans.org/ns/projectui-open-files/2">
        <group>
            <file>file:/C:/Users/flani/OneDrive/Documentos/NetBeansProjects/ProjrctoFinal/src/Telas/NovoAluno.java</file>
            <file>file:/C:/Users/flani/OneDrive/Documentos/NetBeansProjects/ProjrctoFinal/src/Telas/TelaPrincipal.java</file>
            <file>file:/C:/Users/flani/OneDrive/Documentos/NetBeansProjects/ProjrctoFinal/src/Telas/NovoFuncionario.java</file>
            <file>file:/C:/Users/flani/OneDrive/Documentos/NetBeansProjects/ProjrctoFinal/src/Telas/Login.java</file>
            <file>file:/C:/Users/flani/OneDrive/Documentos/NetBeansProjects/ProjrctoFinal/src/Classes/Funcionario.java</file>
        </group>
    </open-files>
</project-private>
